3BC,0,0,0,0,0,128,0,0
3BC,0,0,0,0,0,0,0,0
3BC,0,0,0,0,0,0,0,0
3BC,0,0,0,0,0,0,0,0
3BC,0,0,0,0,0,0,0,0
3BC,0,0,0,0,0,0,0,0
3BC,0,0,0,0,0,0,0,0
3BC,0,0,0,0,0,0,0,0
3BC,0,0,0,0,0,0,0,0
3BC,0,0,0,0,0,0,0,0
3BC,0,0,0,0,0,0,0,0
3BC,0,0,0,0,0,0,0,0
3BC,0,0,0,0,0,0,0,0
3BC,0,0,0,0,0,0,0,0
3BC,0,0,0,0,0,0,0,0
3BC,0,0,0,0,0,0,0,0
3BC,0,0,0,0,0,0,0,0
3BC,0,0,0,0,0,0,0,0
3BC,0,0,0,0,0,0,0,0
3BC,0,0,0,0,0,0,0,0
3BC,0,0,0,0,0,0,0,0
3BC,0,0,0,0,0,0,0,0
3BC,0,0,0,0,0,0,0,0
3BC,0,0,0,0,0,0,0,0
3BC,0,0,0,0,0,0,0,0
3BC,0,0,0,0,0,0,0,0
3BC,0,0,0,0,0,0,0,0
3BC,0,0,0,0,0,0,0,0
3BC,0,0,0,0,0,0,0,0
3BC,0,0,0,0,0,0,0,0
3BC,0,0,0,0,0,0,0,0
3BC,0,0,0,0,0,0,0,0
3BC,0,0,0,0,0,0,0,0
3BC,0,0,0,0,0,0,0,0
3BC,0,0,0,0,0,0,0,0
3BC,0,0,0,0,0,0,0,0
3BC,0,0,0,0,0,0,0,0
3BC,0,0,0,0,0,0,0,0
3BC,0,0,0,0,0,0,0,0
3BC,0,0,0,0,0,0,0,0
3BC,0,0,0,0,0,0,0,0
3BC,0,0,0,0,0,0,0,0
3BC,0,0,0,0,0,0,0,0
3BC,0,0,0,0,0,0,0,0
3BC,0,0,0,0,0,0,0,0
3BC,0,0,0,0,0,0,0,0
3BC,0,0,0,0,0,0,0,0
3BC,0,0,0,0,0,0,0,0
3BC,0,0,0,0,0,0,0,0
3BC,0,0,0,0,0,0,0,0
3BC,0,0,0,0,0,0,0,0
3BC,0,0,0,0,0,0,0,0
3BC,0,0,0,0,0,0,0,0
3BC,0,0,0,0,0,0,0,0
3BC,0,0,0,0,0,0,0,0
3BC,0,0,0,0,0,0,0,0
3BC,0,0,0,0,0,0,0,0
3BC,0,0,0,0,0,0,0,0
3BC,0,0,0,0,0,0,0,0
3BC,0,0,0,0,0,0,0,0
3BC,0,0,0,0,0,0,0,0
3BC,0,0,0,0,0,0,0,0
3BC,0,0,0,0,0,0,0,0
3BC,0,0,0,0,0,0,0,0
3BC,0,0,0,0,0,0,0,0
3BC,0,0,0,0,0,0,0,0
3BC,0,0,0,0,0,0,0,0
3BC,0,0,0,0,0,0,0,0
3BC,0,0,0,0,0,0,0,0
3BC,0,0,0,0,0,0,0,0
3BC,0,0,0,0,0,0,0,0
3BC,0,0,0,0,0,0,0,0
3BC,0,0,0,0,0,0,0,0
3BC,0,0,0,0,0,0,0,0
3BC,0,0,0,0,0,0,0,0
3BC,0,0,0,0,0,0,0,0
3BC,0,0,0,0,0,0,0,0
3BC,0,0,0,0,0,0,0,0
3BC,0,0,0,0,0,0,0,0
3BC,0,0,0,0,0,0,0,0
3BC,0,0,0,0,0,0,0,0
3BC,0,0,0,0,0,0,0,0
3BC,0,0,0,0,0,0,0,0
3BC,0,0,0,0,0,0,0,0
3BC,0,0,0,0,0,0,0,0
3BC,0,0,0,0,0,0,0,0
3BC,0,0,0,0,0,0,0,0
3BC,0,0,0,0,0,0,0,0
3BC,0,0,0,0,0,0,0,0
3BC,0,0,0,0,0,0,0,0
3BC,0,0,0,0,0,0,0,0
3BC,0,0,0,0,0,0,0,0
3BC,0,0,0,0,0,0,0,0
3BC,0,0,0,0,0,0,0,0
3BC,0,0,0,0,0,0,0,0
3BC,0,0,0,0,0,0,0,0
3BC,0,0,0,0,0,0,0,0
3BC,0,0,0,0,0,0,0,0
3BC,0,0,0,0,0,0,0,0
3BC,0,0,0,0,0,0,0,0
3BC,0,0,0,0,0,0,0,0
3BC,0,0,0,0,0,0,0,0
3BC,0,0,0,0,0,0,0,0
3BC,0,0,0,0,0,0,0,0
3BC,0,0,0,0,0,0,0,0
3BC,0,0,0,0,0,0,0,0
3BC,0,0,0,0,0,0,0,0
3BC,0,0,0,0,0,0,0,0
3BC,0,0,0,0,0,0,0,0
3BC,0,0,0,0,0,0,0,0
3BC,0,0,0,0,0,0,0,0
3BC,0,0,0,0,0,0,0,0
3BC,0,0,0,0,0,0,0,0
3BC,0,0,0,0,0,0,0,0
3BC,0,0,0,0,0,0,0,0
3BC,0,0,0,0,0,0,0,0
3BC,0,0,0,0,0,0,0,0
3BC,0,0,0,0,0,0,0,0
3BC,0,0,0,0,0,0,0,0
3BC,0,0,0,0,0,0,0,0
3BC,0,0,0,0,0,0,0,0
3BC,0,0,0,0,0,0,0,0
3BC,0,0,0,0,0,0,0,0
3BC,0,0,0,0,0,0,0,0
3BC,0,0,0,0,0,0,0,0
3BC,0,0,0,0,0,0,0,0
3BC,0,0,0,0,0,0,0,0
3BC,0,0,0,0,0,0,0,0
3BC,0,0,0,0,0,0,0,0
3BC,0,0,0,0,0,0,0,0
3BC,0,0,0,0,0,0,0,0
3BC,0,0,0,0,0,0,0,0
3BC,0,0,0,0,0,0,0,0
3BC,0,0,0,0,0,0,0,0
3BC,0,0,0,0,0,0,0,0
3BC,0,0,0,0,0,0,0,0
3BC,0,0,0,0,0,0,0,0
3BC,0,0,0,0,0,0,0,0
3BC,0,0,0,0,0,0,0,0
3BC,0,0,0,0,0,0,0,0
3BC,0,0,0,0,0,0,0,0
3BC,0,0,0,0,0,0,0,0
3BC,0,0,0,0,0,0,0,0
3BC,0,0,0,0,0,0,0,0
3BC,0,0,0,0,0,0,0,0
3BC,0,0,0,0,0,0,0,0
3BC,0,0,0,0,0,0,0,0
3BC,0,0,0,0,0,0,0,0
3BC,0,0,0,0,0,0,0,0
3BC,0,0,0,0,0,0,0,0
3BC,0,0,0,0,0,0,0,0
3BC,0,0,0,0,0,0,0,0
3BC,0,0,0,0,0,0,0,0
3BC,0,0,0,0,0,0,0,0
3BC,0,0,0,0,0,0,0,0
3BC,0,0,0,0,0,0,0,0
3BC,0,0,0,0,0,0,0,0
3BC,0,0,0,0,0,0,0,0
3BC,0,0,0,0,0,0,0,0
3BC,0,0,0,0,0,0,0,0
3BC,0,0,0,0,0,0,0,0
3BC,0,0,0,0,0,0,0,0
3BC,0,0,0,0,0,0,0,0
3BC,0,0,0,0,0,0,0,0
3BC,0,0,0,0,0,0,0,0
3BC,0,0,0,0,0,0,0,0
3BC,0,0,0,0,0,0,0,0
3BC,0,0,0,0,0,0,0,0
3BC,0,0,0,0,0,0,0,0
3BC,0,0,0,0,0,0,0,0
3BC,0,0,0,0,0,0,0,0
3BC,0,0,0,0,0,0,0,0
3BC,0,0,0,0,0,0,0,0
3BC,0,0,0,0,0,0,0,0
3BC,0,0,0,0,0,0,0,0
3BC,0,0,0,0,0,0,0,0
3BC,0,0,0,0,0,0,0,0
3BC,0,0,0,0,0,0,0,0
3BC,0,0,0,0,0,0,0,0
3BC,0,0,0,0,0,0,0,0
3BC,0,0,0,0,0,0,0,0
3BC,0,0,0,0,0,0,0,0
3BC,0,0,0,0,0,0,0,0
3BC,0,0,0,0,0,0,0,0
3BC,0,0,0,0,0,0,0,0
3BC,0,0,0,0,0,0,0,0
3BC,0,0,0,0,0,0,0,0
3BC,0,0,0,0,0,0,0,0
3BC,0,0,0,0,0,0,0,0
3BC,0,0,0,0,0,0,0,0
3BC,0,0,0,0,0,0,0,0
3BC,0,0,0,0,0,0,0,0
3BC,0,0,0,0,0,0,0,0
3BC,0,0,0,0,0,0,0,0
3BC,0,0,0,0,0,0,0,0
3BC,0,0,0,0,0,0,0,0
3BC,0,0,0,0,0,0,0,0
3BC,0,0,0,0,0,0,0,0
3BC,0,0,0,0,0,0,0,0
3BC,0,0,0,0,0,0,0,0
3BC,0,0,0,0,0,0,0,0
3BC,0,0,0,0,0,0,0,0
3BC,0,0,0,0,0,0,0,0
3BC,0,0,0,0,0,0,0,0
3BC,0,0,0,0,0,0,0,0
3BC,0,0,0,0,0,0,0,0
3BC,0,0,0,0,0,0,0,0
3BC,0,0,0,0,0,0,0,0
3BC,0,0,0,0,0,0,0,0
3BC,0,0,0,0,0,0,0,0
3BC,0,0,0,0,0,0,0,0
3BC,0,0,0,0,0,0,0,0
3BC,0,0,0,0,0,0,0,0
3BC,0,0,0,0,0,0,0,0
3BC,0,0,0,0,0,0,0,0
3BC,0,0,0,0,0,0,0,0
3BC,0,0,0,0,0,0,0,0
3BC,0,0,0,0,0,0,0,0
3BC,0,0,0,0,0,0,0,0
3BC,0,0,0,0,0,0,0,0
3BC,0,0,0,0,0,0,0,0
3BC,0,0,0,0,0,0,0,0
3BC,0,0,0,0,0,0,0,0
3BC,0,0,0,0,0,0,0,0
3BC,0,0,0,0,0,0,0,0
3BC,0,0,0,0,0,0,0,0
3BC,0,0,0,0,0,0,0,0
3BC,0,0,0,0,0,0,0,0
3BC,0,0,0,0,0,0,0,0
3BC,0,0,0,0,0,0,0,0
3BC,0,0,0,0,0,0,0,0
3BC,0,0,0,0,0,0,0,0
3BC,0,0,0,0,0,0,0,0
3BC,0,0,0,0,0,0,0,0
3BC,0,0,0,0,0,0,0,0
3BC,0,0,0,0,0,0,0,0
3BC,0,0,0,0,0,0,0,0
3BC,0,0,0,0,0,0,0,0
3BC,0,0,0,0,0,0,0,0
3BC,0,0,0,0,0,0,0,0
3BC,0,0,0,0,0,0,0,0
3BC,0,0,0,0,0,0,0,0
3BC,0,0,0,0,0,0,0,0
3BC,0,0,0,0,0,0,0,0
3BC,0,0,0,0,0,0,0,0
3BC,0,0,0,0,0,0,0,0
3BC,0,0,0,0,0,0,0,0
3BC,0,0,0,0,0,0,0,0
3BC,0,0,0,0,0,0,0,0
3BC,0,0,0,0,0,0,0,0
3BC,0,0,0,0,0,0,0,0
3BC,0,0,0,0,0,0,0,0
3BC,0,0,0,0,0,0,0,0
3BC,0,0,0,0,0,0,0,0
3BC,0,0,0,0,0,0,0,0
3BC,0,0,0,0,0,0,0,0
3BC,0,0,0,0,0,0,0,0
3BC,0,0,0,0,0,0,0,0
3BC,0,0,0,0,0,0,0,0
3BC,0,0,0,0,0,0,0,0
3BC,0,0,0,0,0,0,0,0
3BC,0,0,0,0,0,0,0,0
3BC,0,0,0,0,0,0,0,0
3BC,0,0,0,0,0,0,0,0
3BC,0,0,0,0,0,0,0,0
3BC,0,0,0,0,0,0,0,0
3BC,0,0,0,0,0,0,0,0
3BC,0,0,0,0,0,0,0,0
3BC,0,0,0,0,0,0,0,0
3BC,0,0,0,0,0,0,0,0
3BC,0,0,0,0,0,0,0,0
3BC,0,0,0,0,0,0,0,0
3BC,0,0,0,0,0,0,0,0
3BC,0,0,0,0,0,0,0,0
3BC,0,0,0,0,0,0,0,0
3BC,0,0,0,0,0,0,0,0
3BC,0,0,0,0,0,0,0,0
3BC,0,0,0,0,0,0,0,0
3BC,0,0,0,0,0,0,0,0
3BC,0,0,0,0,0,0,0,0
3BC,0,0,0,0,0,0,0,0
3BC,0,0,0,0,0,0,0,0
3BC,0,0,0,0,0,0,0,0
3BC,0,0,0,0,0,0,0,0
3BC,0,0,0,0,0,0,0,0
3BC,0,0,0,0,0,0,0,0
3BC,0,0,0,0,0,0,0,0
3BC,0,0,0,0,0,0,0,0
3BC,0,0,0,0,0,0,0,0
3BC,0,0,0,0,0,0,0,0
3BC,0,0,0,0,0,0,0,0
3BC,0,0,0,0,0,0,0,0
3BC,0,0,0,0,0,0,0,0
3BC,0,0,0,0,0,0,0,0
3BC,0,0,0,0,0,0,0,0
3BC,0,0,0,0,0,0,0,0
3BC,0,0,0,0,0,0,0,0
3BC,0,0,0,0,0,0,0,0
3BC,0,0,0,0,0,0,0,0
3BC,0,0,0,0,0,0,0,0
3BC,0,0,0,0,0,0,0,0
3BC,0,0,0,0,0,0,0,0
3BC,0,0,0,0,0,0,0,0
3BC,0,0,0,0,0,0,0,0
3BC,0,0,0,0,0,0,0,0
3BC,0,0,0,0,0,0,0,0
3BC,0,0,0,0,0,0,0,0
3BC,0,0,0,0,0,0,0,0
3BC,0,0,0,0,0,0,0,0
3BC,0,0,0,0,0,0,0,0
3BC,0,0,0,0,0,0,0,0
3BC,0,0,0,0,0,0,0,0
3BC,0,0,0,0,0,0,0,0
3BC,0,0,0,0,0,0,0,0
3BC,0,0,0,0,0,0,0,0
3BC,0,0,0,0,0,0,0,0
3BC,0,0,0,0,0,0,0,0
3BC,0,0,0,0,0,0,0,0
3BC,0,0,0,0,0,0,0,0
3BC,0,0,0,0,0,0,0,0
3BC,0,0,0,0,0,0,0,0
3BC,0,0,0,0,0,0,0,0
3BC,0,0,0,0,0,0,0,0
3BC,0,0,0,0,0,0,0,0
3BC,0,0,0,0,0,0,0,0
3BC,0,0,0,0,0,0,0,0
3BC,0,0,0,0,0,0,0,0
3BC,0,0,0,0,0,0,0,0
3BC,0,0,0,0,0,0,0,0
3BC,0,0,0,0,0,0,0,0
3BC,0,0,0,0,0,0,0,0
3BC,0,0,0,0,0,0,0,0
3BC,0,0,0,0,0,0,0,0
3BC,0,0,0,0,0,0,0,0
3BC,0,0,0,0,0,0,0,0
3BC,0,0,0,0,0,0,0,0
3BC,0,0,0,0,0,0,0,0
3BC,0,0,0,0,0,0,0,0
3BC,0,0,0,0,0,0,0,0
3BC,0,0,0,0,0,0,0,0
3BC,0,0,0,0,0,0,0,0
3BC,0,0,0,0,0,0,0,0
3BC,0,0,0,0,0,0,0,0
3BC,0,0,0,0,0,0,0,0
3BC,0,0,0,0,0,0,0,0
3BC,0,0,0,0,0,0,0,0
3BC,0,0,0,0,0,0,0,0
3BC,0,0,0,0,0,0,0,0
3BC,0,0,0,0,0,0,0,0
3BC,0,0,0,0,0,0,0,0
3BC,0,0,0,0,0,0,0,0
3BC,0,0,0,0,0,0,0,0
3BC,0,0,0,0,0,0,0,0
3BC,0,0,0,0,0,0,0,0
3BC,0,0,0,0,0,0,0,0
3BC,0,0,0,0,0,0,0,0
3BC,0,0,0,0,0,0,0,0
3BC,0,0,0,0,0,0,0,0
3BC,0,0,0,0,0,0,0,0
3BC,0,0,0,0,0,0,0,0
3BC,0,0,0,0,0,0,0,0
3BC,0,0,0,0,0,0,0,0
3BC,0,0,0,0,0,0,0,0
3BC,0,0,0,0,0,0,0,0
3BC,0,0,0,0,0,0,0,0
3BC,0,0,0,0,0,0,0,0
3BC,0,0,0,0,0,0,0,0
3BC,0,0,0,0,0,0,0,0
3BC,0,0,0,0,0,0,0,0
3BC,0,0,0,0,0,0,0,0
3BC,0,0,0,0,0,0,0,0
3BC,0,0,0,0,0,0,0,0
3BC,0,0,0,0,0,0,0,0
3BC,0,0,0,0,0,0,0,0
3BC,0,0,0,0,0,0,0,0
3BC,0,0,0,0,0,0,0,0
3BC,0,0,0,0,0,0,0,0
3BC,0,0,0,0,0,0,0,0
3BC,0,0,0,0,0,0,0,0
3BC,0,0,0,0,0,0,0,0
3BC,0,0,0,0,0,0,0,0
3BC,0,0,0,0,0,0,0,0
3BC,0,0,0,0,0,0,0,0
3BC,0,0,0,0,0,0,0,0
3BC,0,0,0,0,0,0,0,0
3BC,0,0,0,0,0,0,0,0
3BC,0,0,0,0,0,0,0,0
3BC,0,0,0,0,0,0,0,0
3BC,0,0,0,0,0,0,0,0
3BC,0,0,0,0,0,0,0,0
3BC,0,0,0,0,0,0,0,0
3BC,0,0,0,0,0,0,0,0
3BC,0,0,0,0,0,0,0,0
3BC,0,0,0,0,0,0,0,0
3BC,0,0,0,0,0,0,0,0
3BC,0,0,0,0,0,0,0,0
3BC,0,0,0,0,0,0,0,0
3BC,0,0,0,0,0,0,0,0
3BC,0,0,0,0,0,0,0,0
3BC,0,0,0,0,0,0,0,0
3BC,0,0,0,0,0,0,0,0
3BC,0,0,0,0,0,0,0,0
3BC,0,0,0,0,0,0,0,0
3BC,0,0,0,0,0,0,0,0
3BC,0,0,0,0,0,0,0,0
3BC,0,0,0,0,0,0,0,0
3BC,0,0,0,0,0,0,0,0
3BC,0,0,0,0,0,0,0,0
3BC,0,0,0,0,0,0,0,0
3BC,0,0,0,0,0,0,0,0
3BC,0,0,0,0,0,0,0,0
3BC,0,0,0,0,0,0,0,0
3BC,0,0,0,0,0,0,0,0
3BC,0,0,0,0,0,0,0,0
3BC,0,0,0,0,0,0,0,0
3BC,0,0,0,0,0,0,0,0
3BC,0,0,0,0,0,0,0,0
3BC,0,0,0,0,0,0,0,0
3BC,0,0,0,0,0,0,0,0
3BC,0,0,0,0,0,0,0,0
3BC,0,0,0,0,0,0,0,0
3BC,0,0,0,0,0,0,0,0
3BC,0,0,0,0,0,0,0,0
3BC,0,0,0,0,0,0,0,0
3BC,0,0,0,0,0,0,0,0
3BC,0,0,0,0,0,0,0,0
3BC,0,0,0,0,0,0,0,0
3BC,0,0,0,0,0,0,0,0
3BC,0,0,0,0,0,0,0,0
3BC,0,0,0,0,0,0,0,0
3BC,0,0,0,0,0,0,0,0
3BC,0,0,0,0,0,0,0,0
3BC,0,0,0,0,0,0,0,0
3BC,0,0,0,0,0,0,0,0
3BC,0,0,0,0,0,0,0,0
3BC,0,0,0,0,0,0,0,0
3BC,0,0,0,0,0,0,0,0
3BC,0,0,0,0,0,0,0,0
3BC,0,0,0,0,0,0,0,0
3BC,0,0,0,0,0,0,0,0
3BC,0,0,0,0,0,0,0,0
3BC,0,0,0,0,0,0,0,0
3BC,0,0,0,0,0,0,0,0
3BC,0,0,0,0,0,0,0,0
3BC,0,0,0,0,0,0,0,0
3BC,0,0,0,0,0,0,0,0
3BC,0,0,0,0,0,0,0,0
3BC,0,0,0,0,0,0,0,0
3BC,0,0,0,0,0,0,0,0
3BC,0,0,0,0,0,0,0,0
3BC,0,0,0,0,0,0,0,0
3BC,0,0,0,0,0,0,0,0
3BC,0,0,0,0,0,0,0,0
3BC,0,0,0,0,0,0,0,0
3BC,0,0,0,0,0,0,0,0
3BC,0,0,0,0,0,0,0,0
3BC,0,0,0,0,0,0,0,0
3BC,0,0,0,0,0,0,0,0
3BC,0,0,0,0,0,0,0,0
3BC,0,0,0,0,0,0,0,0
3BC,0,0,0,0,0,0,0,0
3BC,0,0,0,0,0,0,0,0
3BC,0,0,0,0,0,0,0,0
3BC,0,0,0,0,0,0,0,0
3BC,0,0,0,0,0,0,0,0
3BC,0,0,0,0,0,0,0,0
3BC,0,0,0,0,0,0,0,0
3BC,0,0,0,0,0,0,0,0
3BC,0,0,0,0,0,0,0,0
3BC,0,0,0,0,0,0,0,0
3BC,0,0,0,0,0,0,0,0
3BC,0,0,0,0,0,0,0,0
3BC,0,0,0,0,0,0,0,0
3BC,0,0,0,0,0,0,0,0
3BC,0,0,0,0,0,0,0,0
3BC,0,0,0,0,0,0,0,0
3BC,0,0,0,0,0,0,0,0
3BC,0,0,0,0,0,0,0,0
3BC,0,0,0,0,0,0,0,0
3BC,0,0,0,0,0,0,0,0
3BC,0,0,0,0,0,0,0,0
3BC,0,0,0,0,0,0,0,0
3BC,0,0,0,0,0,0,0,0
3BC,0,0,0,0,0,0,0,0
3BC,0,0,0,0,0,0,0,0
3BC,0,0,0,0,0,0,0,0
3BC,0,0,0,0,0,0,0,0
3BC,0,0,0,0,0,0,0,0
3BC,0,0,0,0,0,0,0,0
3BC,0,0,0,0,0,0,0,0
3BC,0,0,0,0,0,0,0,0
3BC,0,0,0,0,0,0,0,0
3BC,0,0,0,0,0,0,0,0
3BC,0,0,0,0,0,0,0,0
3BC,0,0,0,0,0,0,0,0
3BC,0,0,0,0,0,0,0,0
3BC,0,0,0,0,0,0,0,0
3BC,0,0,0,0,0,0,0,0
3BC,0,0,0,0,0,0,0,0
3BC,0,0,0,0,0,0,0,0
3BC,0,0,0,0,0,0,0,0
3BC,0,0,0,0,0,0,0,0
3BC,0,0,0,0,0,0,0,0
3BC,0,0,0,0,0,0,0,0
3BC,0,0,0,0,0,0,0,0
3BC,0,0,0,0,0,0,0,0
3BC,0,0,0,0,0,0,0,0
3BC,0,0,0,0,0,0,0,0
3BC,0,0,0,0,0,0,0,0
3BC,0,0,0,0,0,0,0,0
3BC,0,0,0,0,0,0,0,0
3BC,0,0,0,0,0,0,0,0
3BC,0,0,0,0,0,0,0,0
3BC,0,0,0,0,0,0,0,0
3BC,0,0,0,0,0,0,0,0
3BC,0,0,0,0,0,0,0,0
3BC,0,0,0,0,0,0,0,0
3BC,0,0,0,0,0,0,0,0
3BC,0,0,0,0,0,0,0,0
3BC,0,0,0,0,0,0,0,0
3BC,0,0,0,0,0,0,0,0
3BC,0,0,0,0,0,0,0,0
3BC,0,0,0,0,0,0,0,0
3BC,0,0,0,0,0,0,0,0
3BC,0,0,0,0,0,0,0,0
3BC,0,0,0,0,0,0,0,0
3BC,0,0,0,0,0,0,0,0
3BC,0,0,0,0,0,0,0,0
3BC,0,0,0,0,0,0,0,0
3BC,0,0,0,0,0,0,0,0
3BC,0,0,0,0,0,0,0,0
3BC,0,0,0,0,0,0,0,0
3BC,0,0,0,0,0,0,0,0
3BC,0,0,0,0,0,0,0,0
3BC,0,0,0,0,0,0,0,0
3BC,0,0,0,0,0,0,0,0
3BC,0,0,0,0,0,0,0,0
3BC,0,0,0,0,0,0,0,0
3BC,0,0,0,0,0,0,0,0
3BC,0,0,0,0,0,0,0,0
3BC,0,0,0,0,0,0,0,0
3BC,0,0,0,0,0,0,0,0
3BC,0,0,0,0,0,0,0,0
3BC,0,0,0,0,0,0,0,0
3BC,0,0,0,0,0,0,0,0
3BC,0,0,0,0,0,0,0,0
3BC,0,0,0,0,0,0,0,0
3BC,0,0,0,0,0,0,0,0
3BC,0,0,0,0,0,0,0,0
3BC,0,0,0,0,0,0,0,0
3BC,0,0,0,0,0,0,0,0
3BC,0,0,0,0,0,0,0,0
3BC,0,0,0,0,0,0,0,0
3BC,0,0,0,0,0,0,0,0
3BC,0,0,0,0,0,0,0,0
3BC,0,0,0,0,0,0,0,0
3BC,0,0,0,0,0,0,0,0
3BC,0,0,0,0,0,0,0,0
3BC,0,0,0,0,0,0,0,0
3BC,0,0,0,0,0,0,0,0
3BC,0,0,0,0,0,0,0,0
3BC,0,0,0,0,0,0,0,0
3BC,0,0,0,0,0,0,0,0
3BC,0,0,0,0,0,0,0,0
3BC,0,0,0,0,0,0,0,0
3BC,0,0,0,0,0,0,0,0
3BC,0,0,0,0,0,0,0,0
3BC,0,0,0,0,0,0,0,0
3BC,0,0,0,0,0,0,0,0
3BC,0,0,0,0,0,0,0,0
3BC,0,0,0,0,0,0,0,0
3BC,0,0,0,0,0,0,0,0
3BC,0,0,0,0,0,0,0,0
3BC,0,0,0,0,0,0,0,0
3BC,0,0,0,0,0,0,0,0
3BC,0,0,0,0,0,0,0,0
3BC,0,0,0,0,0,0,0,0
3BC,0,0,0,0,0,0,0,0
3BC,0,0,0,0,0,0,0,0
3BC,0,0,0,0,0,0,0,0
3BC,0,0,0,0,0,0,0,0
3BC,0,0,0,0,0,0,0,0
3BC,0,0,0,0,0,0,0,0
3BC,0,0,0,0,0,0,0,0
3BC,0,0,0,0,0,0,0,0
3BC,0,0,0,0,0,0,0,0
3BC,0,0,0,0,0,0,0,0
3BC,0,0,0,0,0,0,0,0
3BC,0,0,0,0,0,0,0,0
3BC,0,0,0,0,0,0,0,0
3BC,0,0,0,0,0,0,0,0
3BC,0,0,0,0,0,0,0,0
3BC,0,0,0,0,0,0,0,0
3BC,0,0,0,0,0,0,0,0
3BC,0,0,0,0,0,0,0,0
3BC,0,0,0,0,0,0,0,0
3BC,0,0,0,0,0,0,0,0
3BC,0,0,0,0,0,0,0,0
3BC,0,0,0,0,0,0,0,0
3BC,0,0,0,0,0,0,0,0
3BC,0,0,0,0,0,0,0,0
3BC,0,0,0,0,0,0,0,0
3BC,0,0,0,0,0,0,0,0
3BC,0,0,0,0,0,0,0,0
3BC,0,0,0,0,0,0,0,0
3BC,0,0,0,0,0,0,0,0
3BC,0,0,0,0,0,0,0,0
3BC,0,0,0,0,0,0,0,0
3BC,0,0,0,0,0,0,0,0
3BC,0,0,0,0,0,0,0,0
3BC,0,0,0,0,0,0,0,0
3BC,0,0,0,0,0,0,0,0
3BC,0,0,0,0,0,0,0,0
3BC,0,0,0,0,0,0,0,0
3BC,0,0,0,0,0,0,0,0
3BC,0,0,0,0,0,0,0,0
3BC,0,0,0,0,0,0,0,0
3BC,0,0,0,0,0,0,0,0
3BC,0,0,0,0,0,0,0,0
3BC,0,0,0,0,0,0,0,0
3BC,0,0,0,0,0,0,0,0
3BC,0,0,0,0,0,0,0,0
3BC,0,0,0,0,0,0,0,0
3BC,0,0,0,0,0,0,0,0
3BC,0,0,0,0,0,0,0,0
3BC,0,0,0,0,0,0,0,0
3BC,0,0,0,0,0,0,0,0
3BC,0,0,0,0,0,0,0,0
3BC,0,0,0,0,0,0,0,0
3BC,0,0,0,0,0,0,0,0
3BC,0,0,0,0,0,0,0,0
3BC,0,0,0,0,0,0,0,0
3BC,0,0,0,0,0,0,0,0
3BC,0,0,0,0,0,0,0,0
3BC,0,0,0,0,0,0,0,0
3BC,0,0,0,0,0,0,0,0
3BC,0,0,0,0,0,0,0,0
3BC,0,0,0,0,0,0,0,0
3BC,0,0,0,0,0,0,0,0
3BC,0,0,0,0,0,0,0,0
3BC,0,0,0,0,0,0,0,0
3BC,0,0,0,0,0,0,0,0
3BC,0,0,0,0,0,0,0,0
3BC,0,0,0,0,0,0,0,0
3BC,0,0,0,0,0,0,0,0
3BC,0,0,0,0,0,0,0,0
3BC,0,0,0,0,0,0,0,0
3BC,0,0,0,0,0,0,0,0
3BC,0,0,0,0,0,0,0,0
3BC,0,0,0,0,0,0,0,0
3BC,0,0,0,0,0,0,0,0
3BC,0,0,0,0,0,0,0,0
3BC,0,0,0,0,0,0,0,0
3BC,0,0,0,0,0,0,0,0
3BC,0,0,0,0,0,0,0,0
3BC,0,0,0,0,0,0,0,0
3BC,0,0,0,0,0,0,0,0
3BC,0,0,0,0,0,0,0,0
3BC,0,0,0,0,0,0,0,0
3BC,0,0,0,0,0,0,0,0
3BC,0,0,0,0,0,0,0,0
3BC,0,0,0,0,0,0,0,0
3BC,0,0,0,0,0,0,0,0
3BC,0,0,0,0,0,0,0,0
3BC,0,0,0,0,0,0,0,0
3BC,0,0,0,0,0,0,0,0
3BC,0,0,0,0,0,0,0,0
3BC,0,0,0,0,0,0,0,0
3BC,0,0,0,0,0,0,0,0
3BC,0,0,0,0,0,0,0,0
3BC,0,0,0,0,0,0,0,0
3BC,0,0,0,0,0,0,0,0
3BC,0,0,0,0,0,0,0,0
3BC,0,0,0,0,0,0,0,0
3BC,0,0,0,0,0,0,0,0
3BC,0,0,0,0,0,0,0,0
3BC,0,0,0,0,0,0,0,0
3BC,0,0,0,0,0,0,0,0
3BC,0,0,0,0,0,0,0,0
3BC,0,0,0,0,0,0,0,0
3BC,0,0,0,0,0,0,0,0
3BC,0,0,0,0,0,0,0,0
3BC,0,0,0,0,0,0,0,0
3BC,0,0,0,0,0,0,0,0
3BC,0,0,0,0,0,0,0,0
3BC,0,0,0,0,0,0,0,0
3BC,0,0,0,0,0,0,0,0
3BC,0,0,0,0,0,0,0,0
3BC,0,0,0,0,0,0,0,0
3BC,0,0,0,0,0,0,0,0
3BC,0,0,0,0,0,0,0,0
3BC,0,0,0,0,0,0,0,0
3BC,0,0,0,0,0,0,0,0
3BC,0,0,0,0,0,0,0,0
3BC,0,0,0,0,0,0,0,0
3BC,0,0,0,0,0,0,0,0
3BC,0,0,0,0,0,0,0,0
3BC,0,0,0,0,0,0,0,0
3BC,0,0,0,0,0,0,0,0
3BC,0,0,0,0,0,0,0,0
3BC,0,0,0,0,0,0,0,0
3BC,0,0,0,0,0,0,0,0
3BC,0,0,0,0,0,0,0,0
3BC,0,0,0,0,0,0,0,0
3BC,0,0,0,0,0,0,0,0
3BC,0,0,0,0,0,0,0,0
3BC,0,0,0,0,0,0,0,0
3BC,0,0,0,0,0,0,0,0
3BC,0,0,0,0,0,0,0,0
3BC,0,0,0,0,0,0,0,0
3BC,0,0,0,0,0,0,0,0
3BC,0,0,0,0,0,0,0,0
3BC,0,0,0,0,0,0,0,0
3BC,0,0,0,0,0,0,0,0
3BC,0,0,0,0,0,0,0,0
3BC,0,0,0,0,0,0,0,0
3BC,0,0,0,0,0,0,0,0
3BC,0,0,0,0,0,0,0,0
3BC,0,0,0,0,0,0,0,0
3BC,0,0,0,0,0,0,0,0
3BC,0,0,0,0,0,0,0,0
3BC,0,0,0,0,0,0,0,0
3BC,0,0,0,0,0,0,0,0
3BC,0,0,0,0,0,0,0,0
3BC,0,0,0,0,0,0,0,0
3BC,0,0,0,0,0,0,0,0
3BC,0,0,0,0,0,0,0,0
3BC,0,0,0,0,0,0,0,0
3BC,0,0,0,0,0,0,0,0
3BC,0,0,0,0,0,0,0,0
3BC,0,0,0,0,0,0,0,0
3BC,0,0,0,0,0,0,0,0
3BC,0,0,0,0,0,0,0,0
3BC,0,0,0,0,0,0,0,0
3BC,0,0,0,0,0,0,0,0
3BC,0,0,0,0,0,0,0,0
3BC,0,0,0,0,0,0,0,0
3BC,0,0,0,0,0,0,0,0
3BC,0,0,0,0,0,0,0,0
3BC,0,0,0,0,0,0,0,0
3BC,0,0,0,0,0,0,0,0
3BC,0,0,0,0,0,0,0,0
3BC,0,0,0,0,0,0,0,0
3BC,0,0,0,0,0,0,0,0
3BC,0,0,0,0,0,0,0,0
3BC,0,0,0,0,0,0,0,0
3BC,0,0,0,0,0,0,0,0
3BC,0,0,0,0,0,0,0,0
3BC,0,0,0,0,0,0,0,0
3BC,0,0,0,0,0,0,0,0
3BC,0,0,0,0,0,0,0,0
3BC,0,0,0,0,0,0,0,0
3BC,0,0,0,0,0,0,0,0
3BC,0,0,0,0,0,0,0,0
3BC,0,0,0,0,0,0,0,0
3BC,0,0,0,0,0,0,0,0
3BC,0,0,0,0,0,0,0,0
3BC,0,0,0,0,0,0,0,0
3BC,0,0,0,0,0,0,0,0
3BC,0,0,0,0,0,0,0,0
3BC,0,0,0,0,0,0,0,0
3BC,0,0,0,0,0,0,0,0
3BC,0,0,0,0,0,0,0,0
3BC,0,0,0,0,0,0,0,0
3BC,0,0,0,0,0,0,0,0
3BC,0,0,0,0,0,0,0,0
3BC,0,0,0,0,0,0,0,0
3BC,0,0,0,0,0,0,0,0
3BC,0,0,0,0,0,0,0,0
3BC,0,0,0,0,0,0,0,0
3BC,0,0,0,0,0,0,0,0
3BC,0,0,0,0,0,0,0,0
3BC,0,0,0,0,0,0,0,0
3BC,0,0,0,0,0,0,0,0
3BC,0,0,0,0,0,0,0,0
3BC,0,0,0,0,0,0,0,0
3BC,0,0,0,0,0,0,0,0
3BC,0,0,0,0,0,0,0,0
3BC,0,0,0,0,0,0,0,0
3BC,0,0,0,0,0,0,0,0
3BC,0,0,0,0,0,0,0,0
3BC,0,0,0,0,0,0,0,0
3BC,0,0,0,0,0,0,0,0
3BC,0,0,0,0,0,0,0,0
3BC,0,0,0,0,0,0,0,0
3BC,0,0,0,0,0,0,0,0
3BC,0,0,0,0,0,0,0,0
3BC,0,0,0,0,0,0,0,0
3BC,0,0,0,0,0,0,0,0
3BC,0,0,0,0,0,0,0,0
3BC,0,0,0,0,0,0,0,0
3BC,0,0,0,0,0,0,0,0
3BC,0,0,0,0,0,0,0,0
3BC,0,0,0,0,0,0,0,0
3BC,0,0,0,0,0,0,0,0
3BC,0,0,0,0,0,0,0,0
3BC,0,0,0,0,0,0,0,0
3BC,0,0,0,0,0,0,0,0
3BC,0,0,0,0,0,0,0,0
3BC,0,0,0,0,0,0,0,0
3BC,0,0,0,0,0,0,0,0
3BC,0,0,0,0,0,0,0,0
3BC,0,0,0,0,0,0,0,0
3BC,0,0,0,0,0,0,0,0
3BC,0,0,0,0,0,0,0,0
3BC,0,0,0,0,0,0,0,0
3BC,0,0,0,0,0,0,0,0
3BC,0,0,0,0,0,0,0,0
3BC,0,0,0,0,0,0,0,0
3BC,0,0,0,0,0,0,0,0
3BC,0,0,0,0,0,0,0,0
3BC,0,0,0,0,0,0,0,0
3BC,0,0,0,0,0,0,0,0
3BC,0,0,0,0,0,0,0,0
3BC,0,0,0,0,0,0,0,0
3BC,0,0,0,0,0,0,0,0
3BC,0,0,0,0,0,0,0,0
3BC,0,0,0,0,0,0,0,0
3BC,0,0,0,0,0,0,0,0
3BC,0,0,0,0,0,0,0,0
3BC,0,0,0,0,0,0,0,0
3BC,0,0,0,0,0,0,0,0
3BC,0,0,0,0,0,0,0,0
3BC,0,0,0,0,0,0,0,0
3BC,0,0,0,0,0,0,0,0
3BC,0,0,0,0,0,0,0,0
3BC,0,0,0,0,0,0,0,0
3BC,0,0,0,0,0,0,0,0
3BC,0,0,0,0,0,0,0,0
3BC,0,0,0,0,0,0,0,0
3BC,0,0,0,0,0,0,0,0
3BC,0,0,0,0,0,0,0,0
3BC,0,0,0,0,0,0,0,0
3BC,0,0,0,0,0,0,0,0
3BC,0,0,0,0,0,0,0,0
3BC,0,0,0,0,0,0,0,0
3BC,0,0,0,0,0,0,0,0
3BC,0,0,0,0,0,0,0,0
3BC,0,0,0,0,0,0,0,0
3BC,0,0,0,0,0,0,0,0
3BC,0,0,0,0,0,0,0,0
3BC,0,0,0,0,0,0,0,0
3BC,0,0,0,0,0,0,0,0
3BC,0,0,0,0,0,0,0,0
3BC,0,0,0,0,0,0,0,0
3BC,0,0,0,0,0,0,0,0
3BC,0,0,0,0,0,0,0,0
3BC,0,0,0,0,0,0,0,0
3BC,0,0,0,0,0,0,0,0
3BC,0,0,0,0,0,0,0,0
3BC,0,0,0,0,0,0,0,0
3BC,0,0,0,0,0,0,0,0
3BC,0,0,0,0,0,0,0,0
3BC,0,0,0,0,0,0,0,0
3BC,0,0,0,0,0,0,0,0
3BC,0,0,0,0,0,0,0,0
3BC,0,0,0,0,0,0,0,0
3BC,0,0,0,0,0,0,0,0
3BC,0,0,0,0,0,0,0,0
3BC,0,0,0,0,0,0,0,0
3BC,0,0,0,0,0,0,0,0
3BC,0,0,0,0,0,0,0,0
3BC,0,0,0,0,0,0,0,0
3BC,0,0,0,0,0,0,0,0
3BC,0,0,0,0,0,0,0,0
3BC,0,0,0,0,0,0,0,0
3BC,0,0,0,0,0,0,0,0
3BC,0,0,0,0,0,0,0,0
3BC,0,0,0,0,0,0,0,0
3BC,0,0,0,0,0,0,0,0
3BC,0,0,0,0,0,0,0,0
3BC,0,0,0,0,0,0,0,0
3BC,0,0,0,0,0,0,0,0
3BC,0,0,0,0,0,0,0,0
3BC,0,0,0,0,0,0,0,0
3BC,0,0,0,0,0,0,0,0
3BC,0,0,0,0,0,0,0,0
3BC,0,0,0,0,0,0,0,0
3BC,0,0,0,0,0,0,0,0
3BC,0,0,0,0,0,0,0,0
3BC,0,0,0,0,0,0,0,0
3BC,0,0,0,0,0,0,0,0
3BC,0,0,0,0,0,0,0,0
3BC,0,0,0,0,0,0,0,0
3BC,0,0,0,0,0,0,0,0
3BC,0,0,0,0,0,0,0,0
3BC,0,0,0,0,0,0,0,0
3BC,0,0,0,0,0,0,0,0
3BC,0,0,0,0,0,0,0,0
3BC,0,0,0,0,0,0,0,0
3BC,0,0,0,0,0,0,0,0
3BC,0,0,0,0,0,0,0,0
3BC,0,0,0,0,0,0,0,0
3BC,0,0,0,0,0,0,0,0
3BC,0,0,0,0,0,0,0,0
3BC,0,0,0,0,0,0,0,0
3BC,0,0,0,0,0,0,0,0
3BC,0,0,0,0,0,0,0,0
3BC,0,0,0,0,0,0,0,0
3BC,0,0,0,0,0,0,0,0
3BC,0,0,0,0,0,0,0,0
3BC,0,0,0,0,0,0,0,0
3BC,0,0,0,0,0,0,0,0
3BC,0,0,0,0,0,0,0,0
3BC,0,0,0,0,0,0,0,0
3BC,0,0,0,0,0,0,0,0
3BC,0,0,0,0,0,0,0,0
3BC,0,0,0,0,0,0,0,0
3BC,0,0,0,0,0,0,0,0
3BC,0,0,0,0,0,0,0,0
3BC,0,0,0,0,0,0,0,0
3BC,0,0,0,0,0,0,0,0
3BC,0,0,0,0,0,0,0,0
3BC,0,0,0,0,0,0,0,0
3BC,0,0,0,0,0,0,0,0
3BC,0,0,0,0,0,0,0,0
3BC,0,0,0,0,0,0,0,0
3BC,0,0,0,0,0,0,0,0
3BC,0,0,0,0,0,0,0,0
3BC,0,0,0,0,0,0,0,0
3BC,0,0,0,0,0,0,0,0
3BC,0,0,0,0,0,0,0,0
3BC,0,0,0,0,0,0,0,0
3BC,0,0,0,0,0,0,0,0
3BC,0,0,0,0,0,0,0,0
3BC,0,0,0,0,0,0,0,0
3BC,0,0,0,0,0,0,0,0
